Physical-Conceptual-Digital-Conceptual-Physical-Conceptual,1
Physical-Conceptual-Digital-Conceptual-Conceptual+Practical-Practical,1
Physical-Conceptual-Digital-Conceptual-Conceptual+Practical,1
Physical-Conceptual-Digital-Conceptual-Physical,1
Physical-Conceptual-Digital-Conceptual-Conceptual+Practical,1
Physical-Conceptual-Digital-Conceptual-Conceptual+Practical-Digital,1
Physical-Conceptual-Digital-Conceptual-Conceptual+Practical-Conceptual,1
Physical-Conceptual-Digital-Conceptual-Digital-Practical,1
Physical-Conceptual-Digital-Conceptual-Digital-Physical+Digital,1
Physical-Conceptual-Digital-Conceptual-Digital-Physical,1
Physical-Conceptual-Digital-Conceptual-Digital-Conceptual+Practical,1
Physical-Conceptual-Digital-Conceptual-Digital-Digital,1
Physical-Conceptual-Digital-Conceptual-Digital-Conceptual,1
Physical-Conceptual-Digital-Conceptual-Conceptual-Practical,1
Physical-Conceptual-Digital-Conceptual-Conceptual-Physical+Digital,1
Physical-Conceptual-Digital-Conceptual-Conceptual-Physical,1
Physical-Conceptual-Digital-Conceptual-Conceptual-Conceptual+Practical,1
Physical-Conceptual+Practical-Digital-Physical-Physical,1
Physical-Conceptual+Practical-Digital-Physical-Conceptual+Practical,1
Physical-Conceptual+Practical-Digital-Physical-Digital,1
Physical-Conceptual+Practical-Digital-Physical-Conceptual,1
Physical-Conceptual+Practical-Digital-Conceptual+Practical-Practical,1
Physical-Conceptual+Practical-Digital-Conceptual+Practical-Physical+Digital,1
Physical-Conceptual+Practical-Digital-Conceptual+Practical-Physical,1
Physical-Conceptual+Practical-Digital-Conceptual+Practical,1
Physical-Conceptual+Practical-Digital-Conceptual+Practical-Digital,1
Physical-Conceptual+Practical-Digital-Conceptual+Practical-Conceptual,1
Physical-Conceptual+Practical-Digital-Digital-Practical,1
Physical-Conceptual+Practical-Conceptual-Conceptual-Physical+Digital,1
Physical-Conceptual+Practical-Conceptual-Conceptual-Physical,1
Physical-Conceptual+Practical-Digital-Physical-Physical+Digital,1
Physical-Conceptual+Practical-Digital-Physical-Physical,1
Physical-Conceptual+Practical-Digital-Physical-Conceptual+Practical,1
Physical-Conceptual+Practical-Digital-Physical-Digital,1
Physical-Conceptual+Practical-Digital-Physical-Conceptual,1
Physical-Conceptual+Practical-Digital-Conceptual+Practical-Practical,1
Physical-Conceptual+Practical-Digital-Conceptual-Physical-Practical,1
Physical-Conceptual+Practical-Digital-Conceptual-Physical-Physical+Digital,1
Physical-Conceptual+Practical-Digital-Conceptual-Physical-Physical,1
Physical-Conceptual+Practical-Digital-Conceptual-Physical-Conceptual+Practical,1
Physical-Conceptual+Practical-Digital-Conceptual-Physical-Digital,1
Physical-Practical-Digital-Conceptual-Conceptual-Digital,1
Physical-Practical-Digital-Conceptual-Conceptual-Conceptual,1
Physical-Practical-Conceptual-Practical-Practical-Practical,1
Physical-Practical-Conceptual-Practical-Practical-Physical+Digital,1
Physical-Practical-Conceptual-Practical-Practical-Physical,1
Physical-Practical-Conceptual-Practical-Practical-Conceptual+Practical,1
Physical-Practical-Conceptual-Practical-Practical-Digital,1
Physical-Practical-Conceptual-Practical-Practical-Conceptual,1
Physical-Practical-Conceptual-Practical-Physical+Digital,1
Physical-Practical-Conceptual-Practical-Physical-Practical,1
Physical-Practical-Conceptual-Practical-Physical-Physical+Digital,1
Physical-Practical-Conceptual-Practical-Physical-Physical,1
Physical-Practical-Conceptual-Practical-Physical-Conceptual+Practical,1
Physical-Practical-Conceptual-Practical-Physical-Digital,1
Physical-Practical-Conceptual-Practical-Physical-Conceptual,1
Physical-Practical-Conceptual-Practical-Conceptual+Practical-Practical,1
Physical-Practical-Conceptual-Practical-Conceptual+Practical-Physical+Digital,1
Physical-Practical-Conceptual-Practical-Conceptual+Practical-Physical,1
Physical-Practical-Conceptual-Practical-Conceptual+Practical-Conceptual+Practical,1
Physical-Practical-Conceptual-Practical-Conceptual+Practical-Digital,1
Physical-Practical-Conceptual-Practical-Conceptual+Practical-Conceptual,1
Digital+Physical-Practical-Conceptual+Practical-Conceptual-Digital,1
Digital+Physical-Practical-Conceptual+Practical-Conceptual-Conceptual,1
Digital+Physical-Practical-Digital-Practical-Practical,1
Digital+Physical-Practical-Digital-Practical-Physical+Digital,1
Digital+Physical-Practical-Digital-Practical-Physical,1
Digital+Physical-Practical-Digital-Practical-Conceptual+Practical,1
Digital+Physical-Practical-Digital-Practical-Digital,1
Digital+Physical-Practical-Digital-Practical-Conceptual,1
Digital+Physical-Practical-Digital-Physical+Digital,1
Digital+Physical-Practical-Digital-Physical-Practical,1
Digital+Physical-Practical-Digital-Physical-Physical+Digital,1
Digital+Physical-Practical-Digital-Physical-Physical,1
Digital+Physical-Practical-Digital-Physical-Conceptual+Practical,1
Digital+Physical-Practical-Digital-Physical-Digital,1
Digital+Physical-Practical-Digital-Physical-Conceptual,1
Digital+Physical-Practical-Digital-Conceptual+Practical-Practical,1
Digital+Physical-Practical-Digital-Conceptual+Practical-Physical+Digital,1
Digital+Physical-Practical-Digital-Conceptual+Practical-Physical,1
Digital+Physical-Practical-Digital-Conceptual+Practical-Conceptual+Practical,1
Digital+Physical-Practical-Digital-Conceptual+Practical-Digital,1
Digital+Physical-Practical-Digital-Conceptual+Practical-Conceptual,1
Digital+Physical-Practical-Digital-Digital-Practical,1
Digital+Physical-Practical-Digital-Digital-Physical+Digital,1
Digital+Physical-Conceptual-Practical-Digital-Digital-Conceptual+Practical,1
Digital+Physical-Conceptual-Practical-Digital-Digital-Digital,1
Digital+Physical-Conceptual-Practical-Digital-Digital-Conceptual,1
Digital+Physical-Conceptual-Practical-Digital-Conceptual-Practical,1
Digital+Physical-Conceptual-Practical-Digital-Conceptual-Digital,1
Digital+Physical-Conceptual-Practical-Digital-Conceptual-Conceptual,1
Digital+Physical-Conceptual-Practical-Conceptual-Practical-Practical,1
Digital+Physical-Conceptual-Practical-Conceptual-Practical-Physical+Digital,1
Digital+Physical-Conceptual-Practical-Conceptual-Practical-Physical,1
Digital+Physical-Conceptual-Practical-Conceptual-Practical-Conceptual+Practical,1
Digital+Physical-Conceptual-Practical-Conceptual-Practical-Digital,1
Digital+Physical-Conceptual-Practical-Conceptual-Practical-Conceptual,1
Digital+Physical-Conceptual-Practical-Conceptual-Physical+Digital,1
Digital+Physical-Conceptual-Practical-Conceptual-Physical-Physical+Digital,1
Digital+Physical-Conceptual-Practical-Conceptual-Conceptual+Practical-Digital,1
Digital+Physical-Conceptual-Practical-Conceptual-Digital-Practical,1
Digital+Physical-Conceptual-Practical-Conceptual-Digital-Physical+Digital,1
Digital+Physical-Conceptual-Practical-Conceptual-Digital-Physical,1
Digital+Physical-Conceptual-Practical-Conceptual-Digital-Conceptual+Practical,1
Digital+Physical-Conceptual-Practical-Conceptual-Digital-Digital,1
Digital+Physical-Conceptual-Practical-Conceptual-Digital-Conceptual,1
Digital+Physical-Conceptual-Practical-Conceptual-Conceptual-Practical,1
Digital+Physical-Conceptual-Practical-Conceptual-Conceptual-Physical+Digital,1
Digital+Physical-Conceptual-Practical-Conceptual-Conceptual-Conceptual+Practical,1
Digital+Physical-Conceptual-Practical-Conceptual-Conceptual-Digital,1
Digital+Physical-Conceptual-Practical-Digital-Digital-Physical,1
Digital+Physical-Conceptual+Practical-Physical-Practical,1
Digital+Physical-Conceptual+Practical-Physical-Physical+Digital,1
Digital+Physical-Conceptual+Practical-Physical-Physical,1
Digital+Physical-Conceptual+Practical-Physical-Conceptual+Practical,1
Digital+Physical-Conceptual+Practical-Physical-Digital,1
Digital+Physical-Conceptual+Practical-Physical-Conceptual,1
Digital+Physical-Conceptual+Practical-Conceptual+Practical-Practical,1
Digital+Physical-Conceptual+Practical-Conceptual+Practical-Physical+Digital,1
Digital+Physical-Conceptual+Practical-Conceptual+Practical-Physical,1
Digital+Physical-Conceptual+Practical-Conceptual+Practical-Conceptual+Practical,1
Digital+Physical-Conceptual+Practical-Conceptual+Practical-Digital,1
Digital+Physical-Conceptual+Practical-Conceptual+Practical-Conceptual,
Digital+Physical-Conceptual+Practical-Digital-Practical,1
Digital+Physical-Conceptual+Practical-Digital-Physical+Digital,1
Digital+Physical-Conceptual+Practical-Digital-Physical,1
Digital+Physical-Conceptual+Practical-Digital-Conceptual+Practical,1
Digital+Physical-Conceptual+Practical-Digital-Digital,1
Digital+Physical-Conceptual+Practical-Wood-SelfRegulateAttention-Attention,1
Digital+Physical-Conceptual+Practical-Wood-SelfRegulateAttention-Addiction,1
Digital+Physical-Conceptual+Practical-Wood-SelfRegulateAttention-Tangible,1
Digital+Physical-Conceptual+Practical-Wood-SelfRegulateAttention-Distraction,1
Digital+Physical-Conceptual+Practical-Wood-SelfRegulateAttention-Control,1
Digital-Conceptual+Practical-Practical-Practical-Practical,1
Digital-Conceptual+Practical-Practical-Practical-Physical+Digital,1
Digital-Conceptual+Practical-Practical-Practical-Physical,1
Digital-Conceptual+Practical-Practical-Practical-Conceptual+Practical,1
Digital-Conceptual+Practical-Practical-Practical-Digital,1
Digital-Conceptual+Practical-Practical-Practical-Conceptual,1
Digital-Conceptual+Practical-Practical-Physical-Digital,1
Digital-Conceptual+Practical-Practical-Physical-Practical,1
Digital-Conceptual+Practical-Practical-Physical-Physical+Digital,1
Digital-Conceptual+Practical-Practical-Physical-Physical,1
Digital-Conceptual+Practical-Practical-Physical-Conceptual+Practical,1
Digital-Conceptual+Practical-Practical-Physical-Digital,1
Digital-Conceptual+Practical-Practical-Physical-Conceptual,1
Digital-Conceptual+Practical-Practical-Conceptual+Practical-Practical,1
Digital-Conceptual+Practical-Practical-Conceptual+Practical-Physical+Digital,1
Digital-Conceptual+Practical-Practical-Conceptual+Practical-Physical,1
Digital-Conceptual+Practical-Practical-Conceptual+Practical-Conceptual+Practical,1
Digital-Conceptual+Practical-Practical-Conceptual+Practical-Digital,1
Digital-Conceptual+Practical-Practical-Conceptual+Practical-Conceptual,1
Digital-Conceptual+Practical-Practical-Digital-Practical,1
Digital-Conceptual+Practical-Practical-Digital-Physical+Digital,1
Digital-Conceptual-Practical-Practical-Digital-Physical,1
Digital-Conceptual-Practical-Practical-Digital-Conceptual+Practical,1
Digital-Conceptual-Practical-Practical-Digital-Digital,1
Digital-Conceptual-Practical-Practical-Digital-Conceptual,1
Digital-Conceptual-Practical-Practical-Conceptual-Practical,1
Digital-Conceptual-Practical-Practical-Conceptual-Physical+Digital,1
Digital-Conceptual-Practical-Practical-Conceptual-Physical,1
Digital-Conceptual-Practical-Practical-Conceptual-Conceptual+Practical,1
Digital-Conceptual-Practical-Practical-Conceptual-Digital,1
Digital-Conceptual-Practical-Practical-Conceptual-Conceptual,1
Digital-Conceptual-Practical-Physical+Digital,1
Digital-Conceptual-Practical-Physical-Practical-Practical,1
Digital-Conceptual-Practical-Physical-Practical-Physical+Digital,1
Digital-Conceptual-Practical-Physical-Practical-Physical,1
Digital-Conceptual-Practical-Physical-Practical-Conceptual+Practical,1
Digital-Conceptual-Practical-Physical-Practical-Digital,1
Digital-Conceptual-Practical-Physical-Practical-Conceptual,1
Digital-Conceptual-Practical-Physical-Physical+Digital,1
Digital-Conceptual-Practical-Physical-Physical-Practical,1
Digital-Conceptual-Practical-Physical-Physical-Physical+Digital,1
Digital-Conceptual-Practical-Physical-Physical-Physical,1
Digital-Conceptual-Practical-Physical-Physical-Conceptual+Practical,1
Digital-Conceptual-Practical-Physical-Physical-Digital,1
Digital-Conceptual-Practical-Physical-Physical-Conceptual,1
Digital-Conceptual-Practical-Physical-Conceptual+Practical-Practical,1
Digital-Conceptual-Practical-Physical-Conceptual+Practical-Physical+Digital,1
Digital-Practical-Practical-Physical-Conceptual+Practical-Physical,1
Digital-Practical-Practical-Physical-Conceptual+Practical-Conceptual+Practical,1
Digital-Practical-Practical-Physical-Conceptual+Practical-Digital,1
Digital-Practical-Practical-Physical-Conceptual+Practical-Conceptual,1
Digital-Practical-Practical-Physical-Digital-Practical,1
Digital-Practical-Practical-Physical-Digital-Physical+Digital,1
Digital-Practical-Practical-Physical-Digital-Physical,1
Digital-Practical-Practical-Physical-Digital-Conceptual+Practical,1
Digital-Practical-Practical-Physical-Digital-Digital,1
Digital-Practical-Practical-Physical-Digital-Conceptual,1
Digital-Practical-Practical-Physical-Conceptual-Practical,1
Digital-Practical-Practical-Physical-Conceptual-Physical+Digital,1
Digital-Practical-Practical-Physical-Conceptual-Physical,1
Digital-Practical-Practical-Physical-Conceptual-Conceptual+Practical,1
Digital-Practical-Practical-Physical-Conceptual-Digital,1
Digital-Practical-Practical-Physical-Conceptual-Conceptual,1
Digital-Practical-Practical-Conceptual+Practical-Practical-Practical,1
Digital-Practical-Practical-Conceptual+Practical-Practical-Physical+Digital,1
Digital-Practical-Practical-Conceptual+Practical-Practical-Physical,1
Digital-Practical-Practical-Conceptual+Practical-Practical-Conceptual+Practical,1
Digital-Practical-Practical-Conceptual+Practical-Practical-Digital,1
Digital-Practical-Practical-Conceptual+Practical-Practical-Conceptual,1
Digital-Practical-Practical-Conceptual+Practical-Physical+Digital,1
Digital-Practical-Practical-Conceptual+Practical-Physical-Practical,1
